{
  "random_forest": {
    "model_type": "sklearn",
    "cv_accuracy_mean": 0.9950452822938612,
    "cv_accuracy_std": 0.0013511963329848014,
    "cv_f1_macro_mean": 0.9917288200998025,
    "cv_precision_macro_mean": 0.9926446382030889,
    "cv_recall_macro_mean": 0.9909316986023278,
    "confusion_matrix": [
      [
        122,
        4,
        0
      ],
      [
        1,
        864,
        0
      ],
      [
        0,
        1,
        724
      ]
    ],
    "classification_report": {
      "Low": {
        "precision": 0.991869918699187,
        "recall": 0.9682539682539683,
        "f1-score": 0.9799196787148594,
        "support": 126.0
      },
      "Medium": {
        "precision": 0.9942462600690449,
        "recall": 0.9988439306358381,
        "f1-score": 0.9965397923875432,
        "support": 865.0
      },
      "High": {
        "precision": 1.0,
        "recall": 0.9986206896551724,
        "f1-score": 0.9993098688750862,
        "support": 725.0
      },
      "accuracy": 0.9965034965034965,
      "macro avg": {
        "precision": 0.9953720595894106,
        "recall": 0.9885728628483262,
        "f1-score": 0.9919231133258296,
        "support": 1716.0
      },
      "weighted avg": {
        "precision": 0.9965026950558399,
        "recall": 0.9965034965034965,
        "f1-score": 0.9964897755639479,
        "support": 1716.0
      }
    },
    "macro_f1": 0.9919231133258296,
    "weighted_f1": 0.9964897755639479,
    "learning_curve": {
      "train_sizes": [
        1143,
        2287,
        3430,
        4574
      ],
      "train_accuracy_mean": [
        0.99970836978711,
        0.9997084973036001,
        0.9999028182701651,
        0.9999271243258999
      ],
      "validation_accuracy_mean": [
        0.9928592031783987,
        0.9935880236219109,
        0.9944622769010613,
        0.9956280965791242
      ]
    },
    "validation_curve": {
      "param_name": "n_estimators",
      "param_range": [
        50,
        100,
        150
      ],
      "train_accuracy_mean": [
        0.9997814048359182,
        0.9999271402550091,
        0.9999271402550091
      ],
      "validation_accuracy_mean": [
        0.9953365938827242,
        0.9956281602816365,
        0.9950452822938612
      ]
    }
  },
  "gradient_boosting": {
    "model_type": "sklearn",
    "cv_accuracy_mean": 0.9967939799596991,
    "cv_accuracy_std": 0.0002054028217034702,
    "cv_f1_macro_mean": 0.9936042769752934,
    "cv_precision_macro_mean": 0.9928374313458406,
    "cv_recall_macro_mean": 0.9944041146987304,
    "confusion_matrix": [
      [
        123,
        3,
        0
      ],
      [
        0,
        863,
        2
      ],
      [
        0,
        2,
        723
      ]
    ],
    "classification_report": {
      "Low": {
        "precision": 1.0,
        "recall": 0.9761904761904762,
        "f1-score": 0.9879518072289156,
        "support": 126.0
      },
      "Medium": {
        "precision": 0.9942396313364056,
        "recall": 0.9976878612716763,
        "f1-score": 0.9959607616849394,
        "support": 865.0
      },
      "High": {
        "precision": 0.9972413793103448,
        "recall": 0.9972413793103448,
        "f1-score": 0.9972413793103448,
        "support": 725.0
      },
      "accuracy": 0.995920745920746,
      "macro avg": {
        "precision": 0.9971603368822501,
        "recall": 0.9903732389241657,
        "f1-score": 0.9937179827414,
        "support": 1716.0
      },
      "weighted avg": {
        "precision": 0.9959308164953327,
        "recall": 0.995920745920746,
        "f1-score": 0.9959137450864313,
        "support": 1716.0
      }
    },
    "macro_f1": 0.9937179827414,
    "weighted_f1": 0.9959137450864313,
    "learning_curve": {
      "train_sizes": [
        1143,
        2287,
        3430,
        4574
      ],
      "train_accuracy_mean": [
        1.0,
        1.0,
        1.0,
        0.9999271243258999
      ],
      "validation_accuracy_mean": [
        0.9921305101399112,
        0.9954824089334364,
        0.9960652232186993,
        0.9967939799596991
      ]
    },
    "validation_curve": {
      "param_name": "n_estimators",
      "param_range": [
        50,
        100,
        150
      ],
      "train_accuracy_mean": [
        0.9981783630132459,
        0.9998542805100182,
        1.0
      ],
      "validation_accuracy_mean": [
        0.9951910336420612,
        0.9967939799596991,
        0.9967939799596991
      ]
    }
  },
  "ann": {
    "model_type": "keras",
    "confusion_matrix": [
      [
        113,
        13,
        0
      ],
      [
        3,
        861,
        1
      ],
      [
        0,
        2,
        723
      ]
    ],
    "classification_report": {
      "Low": {
        "precision": 0.9741379310344828,
        "recall": 0.8968253968253969,
        "f1-score": 0.9338842975206612,
        "support": 126.0
      },
      "Medium": {
        "precision": 0.9828767123287672,
        "recall": 0.9953757225433526,
        "f1-score": 0.9890867317633544,
        "support": 865.0
      },
      "High": {
        "precision": 0.9986187845303868,
        "recall": 0.9972413793103448,
        "f1-score": 0.9979296066252588,
        "support": 725.0
      },
      "accuracy": 0.9889277389277389,
      "macro avg": {
        "precision": 0.9852111426312122,
        "recall": 0.9631474995596981,
        "f1-score": 0.9736335453030914,
        "support": 1716.0
      },
      "weighted avg": {
        "precision": 0.9888859873305704,
        "recall": 0.9889277389277389,
        "f1-score": 0.9887694692693576,
        "support": 1716.0
      }
    },
    "macro_f1": 0.9736335453030914,
    "weighted_f1": 0.9887694692693576,
    "best_epoch": 39,
    "history": {
      "accuracy": [
        0.777737,
        0.891601,
        0.918747,
        0.930224,
        0.944981,
        0.950629,
        0.953543,
        0.958827,
        0.96411,
        0.963199,
        0.968482,
        0.969029,
        0.97413,
        0.967207,
        0.976316,
        0.971397,
        0.974312,
        0.974312,
        0.977045,
        0.978502,
        0.980142,
        0.980506,
        0.981235,
        0.979778,
        0.980324,
        0.981417,
        0.981053,
        0.98251,
        0.985061,
        0.983786,
        0.987065,
        0.985425,
        0.98579,
        0.985608,
        0.986701,
        0.987429,
        0.987065,
        0.98579,
        0.987065,
        0.990526
      ],
      "loss": [
        0.621712,
        0.300083,
        0.210733,
        0.174923,
        0.14276,
        0.126871,
        0.114317,
        0.100337,
        0.094546,
        0.089399,
        0.084294,
        0.07991,
        0.072001,
        0.075692,
        0.062259,
        0.069878,
        0.063439,
        0.063215,
        0.056418,
        0.054662,
        0.051188,
        0.049226,
        0.048499,
        0.047947,
        0.047638,
        0.047621,
        0.047078,
        0.043432,
        0.040959,
        0.040134,
        0.033458,
        0.03879,
        0.035596,
        0.034103,
        0.035263,
        0.032147,
        0.034637,
        0.034256,
        0.032563,
        0.02544
      ],
      "val_accuracy": [
        0.889293,
        0.930808,
        0.949745,
        0.954843,
        0.962855,
        0.966497,
        0.967225,
        0.970138,
        0.970138,
        0.96941,
        0.973052,
        0.977422,
        0.975237,
        0.975237,
        0.976693,
        0.975965,
        0.977422,
        0.977422,
        0.979607,
        0.975965,
        0.981063,
        0.98252,
        0.983977,
        0.981792,
        0.984705,
        0.983248,
        0.983977,
        0.98689,
        0.987618,
        0.983248,
        0.98689,
        0.988347,
        0.990532,
        0.989803,
        0.98689,
        0.986162,
        0.991988,
        0.988347,
        0.990532,
        0.988347
      ],